ID,Country,Code,Year,Annual CO2 emissions
1,Afghanistan,AFG,2000,1047127.94
2,Afghanistan,AFG,2005,1889507
3,Afghanistan,AFG,2010,8364803.5
4,Afghanistan,AFG,2015,9670181
5,Afghanistan,AFG,2020,11605929
6,Afghanistan,AFG,2023,11020218
7,Albania,ALB,2000,3024926
8,Albania,ALB,2005,4261413
9,Albania,ALB,2010,4783865
10,Albania,ALB,2015,4712144
11,Albania,ALB,2020,4711145
12,Albania,ALB,2023,5144279
13,Algeria,DZA,2000,85398600
14,Algeria,DZA,2005,110992510
15,Algeria,DZA,2010,118353256
16,Algeria,DZA,2015,160087460
17,Algeria,DZA,2020,168177860
18,Algeria,DZA,2023,178132770
19,Andorra,AND,2000,523952
20,Andorra,AND,2005,575248
21,Andorra,AND,2010,516623.97
22,Andorra,AND,2015,465328
23,Andorra,AND,2020,381056
24,Andorra,AND,2023,423874
25,Angola,AGO,2000,15995108
26,Angola,AGO,2005,15386819
27,Angola,AGO,2010,22983320
28,Angola,AGO,2015,27506950
29,Angola,AGO,2020,16532997
30,Angola,AGO,2023,20780540
31,Anguilla,AIA,2000,76944
32,Anguilla,AIA,2005,109920
33,Anguilla,AIA,2010,131904
34,Anguilla,AIA,2015,139232
35,Anguilla,AIA,2020,142896
36,Anguilla,AIA,2023,144530
37,Antarctica,ATA,2000,3664
38,Antarctica,ATA,2005,7328
39,Antarctica,ATA,2010,0
40,Antarctica,ATA,2015,0
41,Antarctica,ATA,2020,0
42,Antarctica,ATA,2023,0
43,Antigua and Barbuda,ATG,2000,355408
44,Antigua and Barbuda,ATG,2005,479984
45,Antigua and Barbuda,ATG,2010,549600
46,Antigua and Barbuda,ATG,2015,582576
47,Antigua and Barbuda,ATG,2020,619216
48,Antigua and Barbuda,ATG,2023,644826
49,Argentina,ARG,2000,143468700
50,Argentina,ARG,2005,161588540
51,Argentina,ARG,2010,185945940
52,Argentina,ARG,2015,191743840
53,Argentina,ARG,2020,165120860
54,Argentina,ARG,2023,195805970
55,Armenia,ARM,2000,3491407
56,Armenia,ARM,2005,4376169
57,Armenia,ARM,2010,4252750
58,Armenia,ARM,2015,5469323
59,Armenia,ARM,2020,6795358
60,Armenia,ARM,2023,7608323
61,Aruba,ABW,2000,2377936
62,Aruba,ABW,2005,2718688
63,Aruba,ABW,2010,2506176
64,Aruba,ABW,2015,897680
65,Aruba,ABW,2020,820736
66,Aruba,ABW,2023,867180
67,Australia,AUS,2000,350007970
68,Australia,AUS,2005,386176000
69,Australia,AUS,2010,405131000
70,Australia,AUS,2015,401496600
71,Australia,AUS,2020,399183900
72,Australia,AUS,2023,382972000
73,Austria,AUT,2000,66177100
74,Austria,AUT,2005,79091840
75,Austria,AUT,2010,72008310
76,Austria,AUT,2015,66357460
77,Austria,AUT,2020,62175724
78,Austria,AUT,2023,58578050
79,Azerbaijan,AZE,2000,29765310
80,Azerbaijan,AZE,2005,34193560
81,Azerbaijan,AZE,2010,27549052
82,Azerbaijan,AZE,2015,34682950
83,Azerbaijan,AZE,2020,36233150
84,Azerbaijan,AZE,2023,43936972
85,Bahamas,BHS,2000,2026192
86,Bahamas,BHS,2005,1905280
87,Bahamas,BHS,2010,2227712
88,Bahamas,BHS,2015,2227712
89,Bahamas,BHS,2020,2033520
90,Bahamas,BHS,2023,2505352
91,Bahrain,BHR,2000,19199360
92,Bahrain,BHR,2005,24486512
93,Bahrain,BHR,2010,29075436
94,Bahrain,BHR,2015,32459652
95,Bahrain,BHR,2020,37395950
96,Bahrain,BHR,2023,36526764
97,Bangladesh,BGD,2000,26539266
98,Bangladesh,BGD,2005,37716884
99,Bangladesh,BGD,2010,54035524
100,Bangladesh,BGD,2015,76949380
101,Bangladesh,BGD,2020,95454296
102,Bangladesh,BGD,2023,113426860
103,Barbados,BRB,2000,1305480
104,Barbados,BRB,2005,1429072
105,Barbados,BRB,2010,1562936
106,Barbados,BRB,2015,1367624
107,Barbados,BRB,2020,1237213
108,Barbados,BRB,2023,1191738
109,Belarus,BLR,2000,54905984
110,Belarus,BLR,2005,59310290
111,Belarus,BLR,2010,62445120
112,Belarus,BLR,2015,58798910
113,Belarus,BLR,2020,59055548
114,Belarus,BLR,2023,56490772
115,Belgium,BEL,2000,126723040
116,Belgium,BEL,2005,125639600
117,Belgium,BEL,2010,114489600
118,Belgium,BEL,2015,101275020
119,Belgium,BEL,2020,91228270
120,Belgium,BEL,2023,83368480
121,Belize,BLZ,2000,395712
122,Belize,BLZ,2005,421360
123,Belize,BLZ,2010,538608
124,Belize,BLZ,2015,641200
125,Belize,BLZ,2020,584020
126,Belize,BLZ,2023,667898
127,Benin,BEN,2000,1472928
128,Benin,BEN,2005,2489730
129,Benin,BEN,2010,4679390
130,Benin,BEN,2015,5332540
131,Benin,BEN,2020,5517598
132,Benin,BEN,2023,5592317
133,Bermuda,BMU,2000,516623.97
134,Bermuda,BMU,2005,582576
135,Bermuda,BMU,2010,608224
136,Bermuda,BMU,2015,538608
137,Bermuda,BMU,2020,436016
138,Bermuda,BMU,2023,522532
139,Bhutan,BTN,2000,396871
140,Bhutan,BTN,2005,546084
141,Bhutan,BTN,2010,905464
142,Bhutan,BTN,2015,1485194
143,Bhutan,BTN,2020,1250269
144,Bhutan,BTN,2023,1713060
145,Bolivia,BOL,2000,8433878
146,Bolivia,BOL,2005,12312617
147,Bolivia,BOL,2010,14718776
148,Bolivia,BOL,2015,19886526
149,Bolivia,BOL,2020,18311650
150,Bolivia,BOL,2023,23359406
151,Bonaire Sint Eustatius and Saba,BES,2000,66885
152,Bonaire Sint Eustatius and Saba,BES,2005,68326
153,Bonaire Sint Eustatius and Saba,BES,2010,54346
154,Bonaire Sint Eustatius and Saba,BES,2015,95264
155,Bonaire Sint Eustatius and Saba,BES,2020,113584
156,Bonaire Sint Eustatius and Saba,BES,2023,114883
157,Bosnia and Herzegovina,BIH,2000,13702201
158,Bosnia and Herzegovina,BIH,2005,16045984
159,Bosnia and Herzegovina,BIH,2010,21145704
160,Bosnia and Herzegovina,BIH,2015,18460492
161,Bosnia and Herzegovina,BIH,2020,20831812
162,Bosnia and Herzegovina,BIH,2023,20179128
163,Botswana,BWA,2000,3777584
164,Botswana,BWA,2005,4092688
165,Botswana,BWA,2010,4537275
166,Botswana,BWA,2015,5417540
167,Botswana,BWA,2020,5550960
168,Botswana,BWA,2023,6713559
169,Brazil,BRA,2000,340183000
170,Brazil,BRA,2005,364371000
171,Brazil,BRA,2010,440269020
172,Brazil,BRA,2015,529353020
173,Brazil,BRA,2020,445208100
174,Brazil,BRA,2023,486470080
175,British Virgin Islands,VGB,2000,117248
176,British Virgin Islands,VGB,2005,164880
177,British Virgin Islands,VGB,2010,212512
178,British Virgin Islands,VGB,2015,227168
179,British Virgin Islands,VGB,2020,179536
180,British Virgin Islands,VGB,2023,185295
181,Brunei,BRN,2000,5328739
182,Brunei,BRN,2005,5428519
183,Brunei,BRN,2010,8017381.5
184,Brunei,BRN,2015,6933290
185,Brunei,BRN,2020,11156890
186,Brunei,BRN,2023,11769600
187,Bulgaria,BGR,2000,45591940
188,Bulgaria,BGR,2005,50684860
189,Bulgaria,BGR,2010,47900148
190,Bulgaria,BGR,2015,48203840
191,Bulgaria,BGR,2020,36644240
192,Bulgaria,BGR,2023,36093596
193,Burkina Faso,BFA,2000,934446
194,Burkina Faso,BFA,2005,1111088
195,Burkina Faso,BFA,2010,1985076
196,Burkina Faso,BFA,2015,3743772
197,Burkina Faso,BFA,2020,5377314
198,Burkina Faso,BFA,2023,6186583
199,Burundi,BDI,2000,271136
200,Burundi,BDI,2005,164880
201,Burundi,BDI,2010,329760
202,Burundi,BDI,2015,355408
203,Burundi,BDI,2020,739052
204,Burundi,BDI,2023,709700
205,Cambodia,KHM,2000,2000544.1
206,Cambodia,KHM,2005,2209392
207,Cambodia,KHM,2010,5063724
208,Cambodia,KHM,2015,8189434
209,Cambodia,KHM,2020,19034220
210,Cambodia,KHM,2023,20178442
211,Cameroon,CMR,2000,5588569
212,Cameroon,CMR,2005,5423858
213,Cameroon,CMR,2010,8383322
214,Cameroon,CMR,2015,9850663
215,Cameroon,CMR,2020,9715630
216,Cameroon,CMR,2023,9941406
217,Canada,CAN,2000,566261400
218,Canada,CAN,2005,572854800
219,Canada,CAN,2010,554734300
220,Canada,CAN,2015,565644100
221,Canada,CAN,2020,526581600
222,Canada,CAN,2023,549299000
223,Cape Verde,CPV,2000,296784
224,Cape Verde,CPV,2005,447008
225,Cape Verde,CPV,2010,556928
226,Cape Verde,CPV,2015,490976
227,Cape Verde,CPV,2020,516623.97
228,Cape Verde,CPV,2023,534969
229,Central African Republic,CAF,2000,234496
230,Central African Republic,CAF,2005,216176
231,Central African Republic,CAF,2010,168544
232,Central African Republic,CAF,2015,179536
233,Central African Republic,CAF,2020,238160
234,Central African Republic,CAF,2023,281213
235,Chad,TCD,2000,487512
236,Chad,TCD,2005,925702
237,Chad,TCD,2010,1236006
238,Chad,TCD,2015,2351698
239,Chad,TCD,2020,2356446
240,Chad,TCD,2023,3079389
241,Chile,CHL,2000,58502596
242,Chile,CHL,2005,61127496
243,Chile,CHL,2010,71347520
244,Chile,CHL,2015,81782160
245,Chile,CHL,2020,80178160
246,Chile,CHL,2023,77287704
247,China,CHN,2000,3649226500
248,China,CHN,2005,5882106400
249,China,CHN,2010,8620576000
250,China,CHN,2015,9863457000
251,China,CHN,2020,10905693000
252,China,CHN,2023,11902503000
253,Christmas Island,CXR,2000,0
254,Christmas Island,CXR,2005,0
255,Christmas Island,CXR,2010,0
256,Christmas Island,CXR,2015,0
257,Christmas Island,CXR,2020,0
258,Christmas Island,CXR,2023,0
259,Colombia,COL,2000,56591360
260,Colombia,COL,2005,60161604
261,Colombia,COL,2010,76266460
262,Colombia,COL,2015,98063710
263,Colombia,COL,2020,89731500
264,Colombia,COL,2023,105238664
265,Comoros,COM,2000,102592
266,Comoros,COM,2005,142896
267,Comoros,COM,2010,161216
268,Comoros,COM,2015,179536
269,Comoros,COM,2020,373728
270,Comoros,COM,2023,448731
271,Congo,COG,2000,4284250
272,Congo,COG,2005,4352130
273,Congo,COG,2010,5499943
274,Congo,COG,2015,5636681
275,Congo,COG,2020,7677297
276,Congo,COG,2023,7674340
277,Cook Islands,COK,2000,51296
278,Cook Islands,COK,2005,62288
279,Cook Islands,COK,2010,73280
280,Cook Islands,COK,2015,76944
281,Cook Islands,COK,2020,65952
282,Cook Islands,COK,2023,72832
283,Costa Rica,CRI,2000,5393873
284,Costa Rica,CRI,2005,6723403
285,Costa Rica,CRI,2010,7492647
286,Costa Rica,CRI,2015,7406021
287,Costa Rica,CRI,2020,6770508
288,Costa Rica,CRI,2023,8279033.5
289,Cote d'Ivoire,CIV,2000,6633573
290,Cote d'Ivoire,CIV,2005,7564355
291,Cote d'Ivoire,CIV,2010,6224746
292,Cote d'Ivoire,CIV,2015,9554745
293,Cote d'Ivoire,CIV,2020,11015523
294,Cote d'Ivoire,CIV,2023,13195601
295,Croatia,HRV,2000,19652270
296,Croatia,HRV,2005,23297976
297,Croatia,HRV,2010,20986248
298,Croatia,HRV,2015,17803006
299,Croatia,HRV,2020,16881604
300,Croatia,HRV,2023,17524080
301,Cuba,CUB,2000,25284420
302,Cuba,CUB,2005,25676784
303,Cuba,CUB,2010,33038394
304,Cuba,CUB,2015,29091326
305,Cuba,CUB,2020,21277170
306,Cuba,CUB,2023,23097436
307,Curacao,CUW,2000,4990174
308,Curacao,CUW,2005,5097735
309,Curacao,CUW,2010,4054720
310,Curacao,CUW,2015,7331664
311,Curacao,CUW,2020,1813680
312,Curacao,CUW,2023,2023421
313,Cyprus,CYP,2000,7102160
314,Cyprus,CYP,2005,7958195
315,Cyprus,CYP,2010,8102210
316,Cyprus,CYP,2015,6972854
317,Cyprus,CYP,2020,7014958
318,Cyprus,CYP,2023,7174221
319,Czechia,CZE,2000,127236140
320,Czechia,CZE,2005,125690856
321,Czechia,CZE,2010,117476264
322,Czechia,CZE,2015,105000920
323,Czechia,CZE,2020,91673770
324,Czechia,CZE,2023,85624184
325,Democratic Republic of Congo,COD,2000,1704731
326,Democratic Republic of Congo,COD,2005,2287396
327,Democratic Republic of Congo,COD,2010,2735413
328,Democratic Republic of Congo,COD,2015,3274380
329,Democratic Republic of Congo,COD,2020,4301513
330,Democratic Republic of Congo,COD,2023,4615953
331,Denmark,DNK,2000,54295988
332,Denmark,DNK,2005,51527092
333,Denmark,DNK,2010,49179470
334,Denmark,DNK,2015,35102396
335,Denmark,DNK,2020,28294042
336,Denmark,DNK,2023,27264778
337,Djibouti,DJI,2000,366400
338,Djibouti,DJI,2005,414032
339,Djibouti,DJI,2010,516623.97
340,Djibouti,DJI,2015,504921.03
341,Djibouti,DJI,2020,463062
342,Djibouti,DJI,2023,492543
343,Dominica,DMA,2000,102592
344,Dominica,DMA,2005,150224
345,Dominica,DMA,2010,172208
346,Dominica,DMA,2015,175872
347,Dominica,DMA,2020,157552
348,Dominica,DMA,2023,163060
349,Dominican Republic,DOM,2000,18991626
350,Dominican Republic,DOM,2005,17940522
351,Dominican Republic,DOM,2010,20553454
352,Dominican Republic,DOM,2015,23494588
353,Dominican Republic,DOM,2020,27015426
354,Dominican Republic,DOM,2023,32019646
355,East Timor,TLS,2000,219860
356,East Timor,TLS,2005,321145
357,East Timor,TLS,2010,313134
358,East Timor,TLS,2015,589620
359,East Timor,TLS,2020,646494
360,East Timor,TLS,2023,632121
361,Ecuador,ECU,2000,20927296
362,Ecuador,ECU,2005,30589608
363,Ecuador,ECU,2010,36276410
364,Ecuador,ECU,2015,41275740
365,Ecuador,ECU,2020,32909420
366,Ecuador,ECU,2023,43172870
367,Egypt,EGY,2000,143836050
368,Egypt,EGY,2005,168216830
369,Egypt,EGY,2010,203607570
370,Egypt,EGY,2015,224479740
371,Egypt,EGY,2020,235357630
372,Egypt,EGY,2023,269006200
373,El Salvador,SLV,2000,5670975
374,El Salvador,SLV,2005,6297707
375,El Salvador,SLV,2010,6318629
376,El Salvador,SLV,2015,6667772
377,El Salvador,SLV,2020,6594499
378,El Salvador,SLV,2023,8230260
379,Equatorial Guinea,GNQ,2000,2699265
380,Equatorial Guinea,GNQ,2005,6208019
381,Equatorial Guinea,GNQ,2010,6402228
382,Equatorial Guinea,GNQ,2015,7033487
383,Equatorial Guinea,GNQ,2020,6411490
384,Equatorial Guinea,GNQ,2023,6141370
385,Eritrea,ERI,2000,604433
386,Eritrea,ERI,2005,585753
387,Eritrea,ERI,2010,468025
388,Eritrea,ERI,2015,554345
389,Eritrea,ERI,2020,640911
390,Eritrea,ERI,2023,620764
391,Estonia,EST,2000,15470923
392,Estonia,EST,2005,17089780
393,Estonia,EST,2010,18964736
394,Estonia,EST,2015,15779623
395,Estonia,EST,2020,9198251
396,Estonia,EST,2023,10018740
397,Eswatini,SWZ,2000,1209120
398,Eswatini,SWZ,2005,1014928
399,Eswatini,SWZ,2010,996608
400,Eswatini,SWZ,2015,868368
401,Eswatini,SWZ,2020,1121184
402,Eswatini,SWZ,2023,1104210
403,Ethiopia,ETH,2000,3462855
404,Ethiopia,ETH,2005,4956129
405,Ethiopia,ETH,2010,6344199
406,Ethiopia,ETH,2015,12699218
407,Ethiopia,ETH,2020,15849882
408,Ethiopia,ETH,2023,15227142
409,Faroe Islands,FRO,2000,688832
410,Faroe Islands,FRO,2005,721808
411,Faroe Islands,FRO,2010,630208
412,Faroe Islands,FRO,2015,608224
413,Faroe Islands,FRO,2020,758448
414,Faroe Islands,FRO,2023,797616
415,Fiji,FJI,2000,814852
416,Fiji,FJI,2005,1025920.06
417,Fiji,FJI,2010,1029584.06
418,Fiji,FJI,2015,1242096
419,Fiji,FJI,2020,1003936.06
420,Fiji,FJI,2023,1146151
421,Finland,FIN,2000,57017000
422,Finland,FIN,2005,57064000
423,Finland,FIN,2010,64092004
424,Finland,FIN,2015,44192000
425,Finland,FIN,2020,37700000
426,Finland,FIN,2023,31622000
427,France,FRA,2000,406139200
428,France,FRA,2005,415795070
429,France,FRA,2010,376457200
430,France,FRA,2015,331490200
431,France,FRA,2020,280490020
432,France,FRA,2023,272475840
433,French Polynesia,PYF,2000,611888
434,French Polynesia,PYF,2005,828064
435,French Polynesia,PYF,2010,923328
436,French Polynesia,PYF,2015,846384
437,French Polynesia,PYF,2020,831728
438,French Polynesia,PYF,2023,916154
439,Gabon,GAB,2000,6128187
440,Gabon,GAB,2005,6223081
441,Gabon,GAB,2010,5836069
442,Gabon,GAB,2015,6475558
443,Gabon,GAB,2020,5624687
444,Gabon,GAB,2023,5410930
445,Gambia,GMB,2000,274800
446,Gambia,GMB,2005,322432
447,Gambia,GMB,2010,425024
448,Gambia,GMB,2015,582576
449,Gambia,GMB,2020,699824
450,Gambia,GMB,2023,710899
451,Georgia,GEO,2000,4500388
452,Georgia,GEO,2005,5013924
453,Georgia,GEO,2010,6208043
454,Georgia,GEO,2015,9756186
455,Georgia,GEO,2020,10574905
456,Georgia,GEO,2023,11768941
457,Germany,DEU,2000,898975740
458,Germany,DEU,2005,867880600
459,Germany,DEU,2010,826679940
460,Germany,DEU,2015,800844500
461,Germany,DEU,2020,648356860
462,Germany,DEU,2023,596151360
463,Ghana,GHA,2000,5312800
464,Ghana,GHA,2005,6113072
465,Ghana,GHA,2010,8942513
466,Ghana,GHA,2015,14568119
467,Ghana,GHA,2020,19167768
468,Ghana,GHA,2023,19647176
469,Greece,GRC,2000,102973170
470,Greece,GRC,2005,113888960
471,Greece,GRC,2010,97354150
472,Greece,GRC,2015,74926660
473,Greece,GRC,2020,55558176
474,Greece,GRC,2023,55196200
475,Greenland,GRL,2000,667765
476,Greenland,GRL,2005,643600
477,Greenland,GRL,2010,679400
478,Greenland,GRL,2015,525712
479,Greenland,GRL,2020,537154
480,Greenland,GRL,2023,596405
481,Grenada,GRD,2000,190528
482,Grenada,GRD,2005,216176
483,Grenada,GRD,2010,256480.02
484,Grenada,GRD,2015,260144
485,Grenada,GRD,2020,289456
486,Grenada,GRD,2023,339363
487,Guatemala,GTM,2000,9764762
488,Guatemala,GTM,2005,12109271
489,Guatemala,GTM,2010,11097682
490,Guatemala,GTM,2015,15951887
491,Guatemala,GTM,2020,17164690
492,Guatemala,GTM,2023,20382320
493,Guinea,GIN,2000,1491248
494,Guinea,GIN,2005,1824672
495,Guinea,GIN,2010,2484192
496,Guinea,GIN,2015,2451216
497,Guinea,GIN,2020,4499392
498,Guinea,GIN,2023,4042787
499,Guinea-Bissau,GNB,2000,146560
500,Guinea-Bissau,GNB,2005,212512
501,Guinea-Bissau,GNB,2010,238160
502,Guinea-Bissau,GNB,2015,278464
503,Guinea-Bissau,GNB,2020,296784
504,Guinea-Bissau,GNB,2023,298003
505,Guyana,GUY,2000,1747728
506,Guyana,GUY,2005,1619488
507,Guyana,GUY,2010,1886960
508,Guyana,GUY,2015,2003336
509,Guyana,GUY,2020,3360588
510,Guyana,GUY,2023,3545070
511,Haiti,HTI,2000,1634144
512,Haiti,HTI,2005,1724339
513,Haiti,HTI,2010,2136827
514,Haiti,HTI,2015,2660657
515,Haiti,HTI,2020,3238033
516,Haiti,HTI,2023,3522026
517,Honduras,HND,2000,5031508
518,Honduras,HND,2005,6834857
519,Honduras,HND,2010,7996618
520,Honduras,HND,2015,10347979
521,Honduras,HND,2020,9526111
522,Honduras,HND,2023,11042214
523,Hong Kong,HKG,2000,40282788
524,Hong Kong,HKG,2005,43730548
525,Hong Kong,HKG,2010,40062904
526,Hong Kong,HKG,2015,42399920
527,Hong Kong,HKG,2020,33497124
528,Hong Kong,HKG,2023,33871056
529,Hungary,HUN,2000,58244412
530,Hungary,HUN,2005,60142064
531,Hungary,HUN,2010,51992710
532,Hungary,HUN,2015,46566924
533,Hungary,HUN,2020,47107424
534,Hungary,HUN,2023,40190156
535,Iceland,ISL,2000,2933152
536,Iceland,ISL,2005,2976870
537,Iceland,ISL,2010,3626604
538,Iceland,ISL,2015,3541181
539,Iceland,ISL,2020,3340566
540,Iceland,ISL,2023,3762450
541,India,IND,2000,986444700
542,India,IND,2005,1194592400
543,India,IND,2010,1677337200
544,India,IND,2015,2234219500
545,India,IND,2020,2421552000
546,India,IND,2023,3062324500
547,Indonesia,IDN,2000,281330370
548,Indonesia,IDN,2005,347617020
549,Indonesia,IDN,2010,445806080
550,Indonesia,IDN,2015,539149250
551,Indonesia,IDN,2020,608223200
552,Indonesia,IDN,2023,733223940
553,Iran,IRN,2000,367213340
554,Iran,IRN,2005,466784320
555,Iran,IRN,2010,561496100
556,Iran,IRN,2015,641911040
557,Iran,IRN,2020,756606400
558,Iran,IRN,2023,817879900
559,Iraq,IRQ,2000,83265550
560,Iraq,IRQ,2005,114019704
561,Iraq,IRQ,2010,113536270
562,Iraq,IRQ,2015,141986560
563,Iraq,IRQ,2020,161115330
564,Iraq,IRQ,2023,176457950
565,Ireland,IRL,2000,45249516
566,Ireland,IRL,2005,48152700
567,Ireland,IRL,2010,41791596
568,Ireland,IRL,2015,38715990
569,Ireland,IRL,2020,35124468
570,Ireland,IRL,2023,34432788
571,Israel,ISR,2000,59519380
572,Israel,ISR,2005,56524140
573,Israel,ISR,2010,68286904
574,Israel,ISR,2015,62939140
575,Israel,ISR,2020,59156320
576,Israel,ISR,2023,59489496
577,Italy,ITA,2000,469596930
578,Italy,ITA,2005,501364060
579,Italy,ITA,2010,435710340
580,Italy,ITA,2015,361254340
581,Italy,ITA,2020,302602430
582,Italy,ITA,2023,313460640
583,Jamaica,JAM,2000,10313990
584,Jamaica,JAM,2005,10416539
585,Jamaica,JAM,2010,7677295
586,Jamaica,JAM,2015,7998908
587,Jamaica,JAM,2020,6902286
588,Jamaica,JAM,2023,7648698
589,Japan,JPN,2000,1263993200
590,Japan,JPN,2005,1290296200
591,Japan,JPN,2010,1214798100
592,Japan,JPN,2015,1223199400
593,Japan,JPN,2020,1040483400
594,Japan,JPN,2023,988784700
595,Jordan,JOR,2000,15200204
596,Jordan,JOR,2005,20436792
597,Jordan,JOR,2010,20615326
598,Jordan,JOR,2015,25549898
599,Jordan,JOR,2020,20960476
600,Jordan,JOR,2023,21188884
601,Kazakhstan,KAZ,2000,143380210
602,Kazakhstan,KAZ,2005,200041980
603,Kazakhstan,KAZ,2010,248803230
604,Kazakhstan,KAZ,2015,278661280
605,Kazakhstan,KAZ,2020,255486480
606,Kazakhstan,KAZ,2023,255161470
607,Kenya,KEN,2000,10408840
608,Kenya,KEN,2005,8554943
609,Kenya,KEN,2010,12163160
610,Kenya,KEN,2015,16998498
611,Kenya,KEN,2020,21981834
612,Kenya,KEN,2023,21531040
613,Kiribati,KIR,2000,36640
614,Kiribati,KIR,2005,47632
615,Kiribati,KIR,2010,58624
616,Kiribati,KIR,2015,54960
617,Kiribati,KIR,2020,65952
618,Kiribati,KIR,2023,68999
619,Kosovo,OWID_KOS,2000,0
620,Kosovo,OWID_KOS,2005,162488
621,Kosovo,OWID_KOS,2010,8354687.5
622,Kosovo,OWID_KOS,2015,8290589.5
623,Kosovo,OWID_KOS,2020,8451382
624,Kosovo,OWID_KOS,2023,8376729
625,Kuwait,KWT,2000,54889650
626,Kuwait,KWT,2005,74427784
627,Kuwait,KWT,2010,90873290
628,Kuwait,KWT,2015,94507590
629,Kuwait,KWT,2020,95654810
630,Kuwait,KWT,2023,99233390
631,Kyrgyzstan,KGZ,2000,4575258
632,Kyrgyzstan,KGZ,2005,5519072
633,Kyrgyzstan,KGZ,2010,6355656
634,Kyrgyzstan,KGZ,2015,10264781
635,Kyrgyzstan,KGZ,2020,8348492.5
636,Kyrgyzstan,KGZ,2023,10152343
637,Laos,LAO,2000,960400
638,Laos,LAO,2005,1337012
639,Laos,LAO,2010,3004513
640,Laos,LAO,2015,9229252
641,Laos,LAO,2020,19491688
642,Laos,LAO,2023,24796292
643,Latvia,LVA,2000,7081630
644,Latvia,LVA,2005,7810764
645,Latvia,LVA,2010,8554521
646,Latvia,LVA,2015,7262431
647,Latvia,LVA,2020,6997988
648,Latvia,LVA,2023,6512889
649,Lebanon,LBN,2000,15466264
650,Lebanon,LBN,2005,16650190
651,Lebanon,LBN,2010,19996596
652,Lebanon,LBN,2015,25734552
653,Lebanon,LBN,2020,23814864
654,Lebanon,LBN,2023,19475458
655,Lesotho,LSO,2000,1850320
656,Lesotho,LSO,2005,2011535.9
657,Lesotho,LSO,2010,2275344
658,Lesotho,LSO,2015,2242368
659,Lesotho,LSO,2020,2172752
660,Lesotho,LSO,2023,3888782
661,Liberia,LBR,2000,398769
662,Liberia,LBR,2005,650572
663,Liberia,LBR,2010,709268
664,Liberia,LBR,2015,698049
665,Liberia,LBR,2020,779626
666,Liberia,LBR,2023,771001
667,Libya,LBY,2000,53238540
668,Libya,LBY,2005,55985500
669,Libya,LBY,2010,59147924
670,Libya,LBY,2015,62643820
671,Libya,LBY,2020,34237410
672,Libya,LBY,2023,60975930
673,Liechtenstein,LIE,2000,216860
674,Liechtenstein,LIE,2005,228986
675,Liechtenstein,LIE,2010,190830
676,Liechtenstein,LIE,2015,159774
677,Liechtenstein,LIE,2020,141929
678,Liechtenstein,LIE,2023,157238
679,Lithuania,LTU,2000,11878384
680,Lithuania,LTU,2005,13900658
681,Lithuania,LTU,2010,13834270
682,Lithuania,LTU,2015,13088382
683,Lithuania,LTU,2020,13562745
684,Lithuania,LTU,2023,12461681
685,Luxembourg,LUX,2000,8702433
686,Luxembourg,LUX,2005,12076765
687,Luxembourg,LUX,2010,11194660
688,Luxembourg,LUX,2015,9345265
689,Luxembourg,LUX,2020,8074925.5
690,Luxembourg,LUX,2023,6993124
691,Macao,MAC,2000,1527888
692,Macao,MAC,2005,1681776
693,Macao,MAC,2010,1234768
694,Macao,MAC,2015,1769712
695,Macao,MAC,2020,1033247.94
696,Macao,MAC,2023,1057495
697,Madagascar,MDG,2000,1947883
698,Madagascar,MDG,2005,1741080
699,Madagascar,MDG,2010,1871843
700,Madagascar,MDG,2015,3249468
701,Madagascar,MDG,2020,3974940
702,Madagascar,MDG,2023,4476379
703,Malawi,MWI,2000,857646
704,Malawi,MWI,2005,848983
705,Malawi,MWI,2010,968498
706,Malawi,MWI,2015,1082885
707,Malawi,MWI,2020,1768165
708,Malawi,MWI,2023,1752411
709,Malaysia,MYS,2000,122878050
710,Malaysia,MYS,2005,169967330
711,Malaysia,MYS,2010,199346100
712,Malaysia,MYS,2015,235938100
713,Malaysia,MYS,2020,263199410
714,Malaysia,MYS,2023,288823680
715,Maldives,MDV,2000,450672
716,Maldives,MDV,2005,600896
717,Maldives,MDV,2010,934320
718,Maldives,MDV,2015,1278736
719,Maldives,MDV,2020,1678112
720,Maldives,MDV,2023,2062305
721,Mali,MLI,2000,1066224
722,Mali,MLI,2005,1454608
723,Mali,MLI,2010,2088480
724,Mali,MLI,2015,3399085
725,Mali,MLI,2020,6447858
726,Mali,MLI,2023,6761669
727,Malta,MLT,2000,2468153
728,Malta,MLT,2005,2649756
729,Malta,MLT,2010,2619140
730,Malta,MLT,2015,1699357
731,Malta,MLT,2020,1600392
732,Malta,MLT,2023,1822230
733,Marshall Islands,MHL,2000,98928
734,Marshall Islands,MHL,2005,113584
735,Marshall Islands,MHL,2010,135568
736,Marshall Islands,MHL,2015,142896
737,Marshall Islands,MHL,2020,146560
738,Marshall Islands,MHL,2023,153331
739,Mauritania,MRT,2000,1113856
740,Mauritania,MRT,2005,1437338
741,Mauritania,MRT,2010,2093519.9
742,Mauritania,MRT,2015,3002486
743,Mauritania,MRT,2020,4781520
744,Mauritania,MRT,2023,4412598
745,Mauritius,MUS,2000,2689376
746,Mauritius,MUS,2005,3293936
747,Mauritius,MUS,2010,3913152
748,Mauritius,MUS,2015,4209936
749,Mauritius,MUS,2020,3806896
750,Mauritius,MUS,2023,4138937
751,Mexico,MEX,2000,391438940
752,Mexico,MEX,2005,463431840
753,Mexico,MEX,2010,456408960
754,Mexico,MEX,2015,479433730
755,Mexico,MEX,2020,428940300
756,Mexico,MEX,2023,482623460
757,Micronesia (country),FSM,2000,179536
758,Micronesia (country),FSM,2005,117248
759,Micronesia (country),FSM,2010,102592
760,Micronesia (country),FSM,2015,142896
761,Micronesia (country),FSM,2020,146560
762,Micronesia (country),FSM,2023,149498
763,Moldova,MDA,2000,3572952
764,Moldova,MDA,2005,4937548
765,Moldova,MDA,2010,4830905
766,Moldova,MDA,2015,4781760
767,Moldova,MDA,2020,5237566
768,Moldova,MDA,2023,5962224
769,Mongolia,MNG,2000,7431864
770,Mongolia,MNG,2005,8515106
771,Mongolia,MNG,2010,13772318
772,Mongolia,MNG,2015,23282274
773,Mongolia,MNG,2020,37073100
774,Mongolia,MNG,2023,46869964
775,Montenegro,MNE,2000,1520843
776,Montenegro,MNE,2005,1750836
777,Montenegro,MNE,2010,2421904
778,Montenegro,MNE,2015,2238704
779,Montenegro,MNE,2020,2407248
780,Montenegro,MNE,2023,2328379
781,Montserrat,MSR,2000,25648
782,Montserrat,MSR,2005,40304
783,Montserrat,MSR,2010,58624
784,Montserrat,MSR,2015,54960
785,Montserrat,MSR,2020,21984
786,Montserrat,MSR,2023,22235
787,Morocco,MAR,2000,33199036
788,Morocco,MAR,2005,44660772
789,Morocco,MAR,2010,54365200
790,Morocco,MAR,2015,58495180
791,Morocco,MAR,2020,64564172
792,Morocco,MAR,2023,68667610
793,Mozambique,MOZ,2000,1321945
794,Mozambique,MOZ,2005,1769698
795,Mozambique,MOZ,2010,2634548
796,Mozambique,MOZ,2015,6730562
797,Mozambique,MOZ,2020,6376114
798,Mozambique,MOZ,2023,8023384
799,Myanmar,MMR,2000,10219368
800,Myanmar,MMR,2005,11555010
801,Myanmar,MMR,2010,13121587
802,Myanmar,MMR,2015,21887144
803,Myanmar,MMR,2020,34587544
804,Myanmar,MMR,2023,30233224
805,Namibia,NAM,2000,1722080
806,Namibia,NAM,2005,2528160
807,Namibia,NAM,2010,2784640
808,Namibia,NAM,2015,3931912
809,Namibia,NAM,2020,3832064
810,Namibia,NAM,2023,4174205.8
811,Nauru,NRU,2000,84272
812,Nauru,NRU,2005,62288
813,Nauru,NRU,2010,43968
814,Nauru,NRU,2015,54960
815,Nauru,NRU,2020,51296
816,Nauru,NRU,2023,57499
817,Nepal,NPL,2000,3037431
818,Nepal,NPL,2005,2986772
819,Nepal,NPL,2010,4824304
820,Nepal,NPL,2015,6904657
821,Nepal,NPL,2020,15631550
822,Nepal,NPL,2023,16677210
823,Netherlands,NLD,2000,171936060
824,Netherlands,NLD,2005,177931340
825,Netherlands,NLD,2010,182288820
826,Netherlands,NLD,2015,163743250
827,Netherlands,NLD,2020,136670080
828,Netherlands,NLD,2023,118668370
829,New Caledonia,NCL,2000,2220454
830,New Caledonia,NCL,2005,2809699
831,New Caledonia,NCL,2010,3657625
832,New Caledonia,NCL,2015,4876909
833,New Caledonia,NCL,2020,5109173
834,New Caledonia,NCL,2023,5067623
835,New Zealand,NZL,2000,32241040
836,New Zealand,NZL,2005,37425184
837,New Zealand,NZL,2010,34807764
838,New Zealand,NZL,2015,35802200
839,New Zealand,NZL,2020,34022760
840,New Zealand,NZL,2023,30119236
841,Nicaragua,NIC,2000,3721323
842,Nicaragua,NIC,2005,4270109
843,Nicaragua,NIC,2010,4467845
844,Nicaragua,NIC,2015,5430953
845,Nicaragua,NIC,2020,4660471
846,Nicaragua,NIC,2023,5588379
847,Niger,NER,2000,686970
848,Niger,NER,2005,691187
849,Niger,NER,2010,1159981
850,Niger,NER,2015,2206060
851,Niger,NER,2020,2461085
852,Niger,NER,2023,2597634
853,Nigeria,NGA,2000,97639736
854,Nigeria,NGA,2005,102320600
855,Nigeria,NGA,2010,114532830
856,Nigeria,NGA,2015,115830680
857,Nigeria,NGA,2020,129497090
858,Nigeria,NGA,2023,128539720
859,Niue,NIU,2000,7328
860,Niue,NIU,2005,3664
861,Niue,NIU,2010,3664
862,Niue,NIU,2015,7328
863,Niue,NIU,2020,7328
864,Niue,NIU,2023,7667
865,North Korea,PRK,2000,69164936
866,North Korea,PRK,2005,75010216
867,North Korea,PRK,2010,65358830
868,North Korea,PRK,2015,31248442
869,North Korea,PRK,2020,65547560
870,North Korea,PRK,2023,60764244
871,North Macedonia,MKD,2000,8467603
872,North Macedonia,MKD,2005,8595744
873,North Macedonia,MKD,2010,8185511.5
874,North Macedonia,MKD,2015,6756554
875,North Macedonia,MKD,2020,6961600
876,North Macedonia,MKD,2023,7448824
877,Norway,NOR,2000,42110000
878,Norway,NOR,2005,43263000
879,Norway,NOR,2010,45621000
880,Norway,NOR,2015,45494000
881,Norway,NOR,2020,41231000
882,Norway,NOR,2023,38901000
883,Oman,OMN,2000,23890246
884,Oman,OMN,2005,31600618
885,Oman,OMN,2010,51177628
886,Oman,OMN,2015,67590296
887,Oman,OMN,2020,68625420
888,Oman,OMN,2023,78511300
889,Pakistan,PAK,2000,103939510
890,Pakistan,PAK,2005,133644610
891,Pakistan,PAK,2010,154201780
892,Pakistan,PAK,2015,150589760
893,Pakistan,PAK,2020,230754130
894,Pakistan,PAK,2023,200666690
895,Palau,PLW,2000,208848
896,Palau,PLW,2005,219840
897,Palau,PLW,2010,208848
898,Palau,PLW,2015,205184
899,Palau,PLW,2020,212512
900,Palau,PLW,2023,222330
901,Palestine,PSE,2000,1659792
902,Palestine,PSE,2005,2740672
903,Palestine,PSE,2010,2033520
904,Palestine,PSE,2015,3004480
905,Palestine,PSE,2020,3326912
906,Palestine,PSE,2023,3496897
907,Panama,PAN,2000,5728391
908,Panama,PAN,2005,6971338
909,Panama,PAN,2010,9072099
910,Panama,PAN,2015,10788440
911,Panama,PAN,2020,7250249
912,Panama,PAN,2023,14018338
913,Papua New Guinea,PNG,2000,2937897
914,Papua New Guinea,PNG,2005,4980165
915,Papua New Guinea,PNG,2010,4714717
916,Papua New Guinea,PNG,2015,6323459
917,Papua New Guinea,PNG,2020,7866748
918,Papua New Guinea,PNG,2023,8322015
919,Paraguay,PRY,2000,3606132
920,Paraguay,PRY,2005,3779891
921,Paraguay,PRY,2010,5021793
922,Paraguay,PRY,2015,6051014
923,Paraguay,PRY,2020,7377445
924,Paraguay,PRY,2023,8139286
925,Peru,PER,2000,28677526
926,Peru,PER,2005,30321106
927,Peru,PER,2010,42505100
928,Peru,PER,2015,49227884
929,Peru,PER,2020,46924612
930,Peru,PER,2023,55863636
931,Philippines,PHL,2000,71902450
932,Philippines,PHL,2005,73160270
933,Philippines,PHL,2010,82598310
934,Philippines,PHL,2015,111851910
935,Philippines,PHL,2020,132232070
936,Philippines,PHL,2023,154578660
937,Poland,POL,2000,317452220
938,Poland,POL,2005,322768480
939,Poland,POL,2010,334222430
940,Poland,POL,2015,312756260
941,Poland,POL,2020,302432700
942,Poland,POL,2023,289281540
943,Portugal,PRT,2000,65656590
944,Portugal,PRT,2005,69639500
945,Portugal,PRT,2010,52889748
946,Portugal,PRT,2015,52233044
947,Portugal,PRT,2020,41738252
948,Portugal,PRT,2023,37228136
949,Qatar,QAT,2000,40314500
950,Qatar,QAT,2005,47550748
951,Qatar,QAT,2010,73421576
952,Qatar,QAT,2015,91194280
953,Qatar,QAT,2020,102501230
954,Qatar,QAT,2023,115711816
955,Romania,ROU,2000,93343250
956,Romania,ROU,2005,101363960
957,Romania,ROU,2010,84287750
958,Romania,ROU,2015,77807810
959,Romania,ROU,2020,73710180
960,Romania,ROU,2023,68239480
961,Russia,RUS,2000,1479142400
962,Russia,RUS,2005,1562576900
963,Russia,RUS,2010,1632783200
964,Russia,RUS,2015,1638675300
965,Russia,RUS,2020,1632929300
966,Russia,RUS,2023,1815924700
967,Rwanda,RWA,2000,515133.03
968,Rwanda,RWA,2005,514220
969,Rwanda,RWA,2010,580977
970,Rwanda,RWA,2015,970183
971,Rwanda,RWA,2020,1371813
972,Rwanda,RWA,2023,1540220
973,Saint Helena,SHN,2000,10992
974,Saint Helena,SHN,2005,10992
975,Saint Helena,SHN,2010,10992
976,Saint Helena,SHN,2015,10992
977,Saint Helena,SHN,2020,10992
978,Saint Helena,SHN,2023,11118
979,Saint Kitts and Nevis,KNA,2000,172208
980,Saint Kitts and Nevis,KNA,2005,197856
981,Saint Kitts and Nevis,KNA,2010,219840
982,Saint Kitts and Nevis,KNA,2015,234496
983,Saint Kitts and Nevis,KNA,2020,230832
984,Saint Kitts and Nevis,KNA,2023,233472
985,Saint Lucia,LCA,2000,348080
986,Saint Lucia,LCA,2005,388384
987,Saint Lucia,LCA,2010,487312
988,Saint Lucia,LCA,2015,479984
989,Saint Lucia,LCA,2020,483648
990,Saint Lucia,LCA,2023,511414
991,Saint Pierre and Miquelon,SPM,2000,54960
992,Saint Pierre and Miquelon,SPM,2005,62288
993,Saint Pierre and Miquelon,SPM,2010,65952
994,Saint Pierre and Miquelon,SPM,2015,65952
995,Saint Pierre and Miquelon,SPM,2020,62288
996,Saint Pierre and Miquelon,SPM,2023,55588
997,Saint Vincent and the Grenadines,VCT,2000,146560
998,Saint Vincent and the Grenadines,VCT,2005,219840
999,Saint Vincent and the Grenadines,VCT,2010,219840
1000,Saint Vincent and the Grenadines,VCT,2015,234496
1001,Saint Vincent and the Grenadines,VCT,2020,238160
1002,Saint Vincent and the Grenadines,VCT,2023,237178
1003,Samoa,WSM,2000,142896
1004,Samoa,WSM,2005,168544
1005,Samoa,WSM,2010,183200
1006,Samoa,WSM,2015,227168
1007,Samoa,WSM,2020,241824
1008,Samoa,WSM,2023,256830
1009,Sao Tome and Principe,STP,2000,47632
1010,Sao Tome and Principe,STP,2005,76944
1011,Sao Tome and Principe,STP,2010,102592
1012,Sao Tome and Principe,STP,2015,135568
1013,Sao Tome and Principe,STP,2020,139232
1014,Sao Tome and Principe,STP,2023,166171
1015,Saudi Arabia,SAU,2000,309760200
1016,Saudi Arabia,SAU,2005,412411500
1017,Saudi Arabia,SAU,2010,555962200
1018,Saudi Arabia,SAU,2015,624999300
1019,Saudi Arabia,SAU,2020,616085760
1020,Saudi Arabia,SAU,2023,736205300
1021,Senegal,SEN,2000,3902052
1022,Senegal,SEN,2005,5538919
1023,Senegal,SEN,2010,6862391
1024,Senegal,SEN,2015,9845416
1025,Senegal,SEN,2020,10820952
1026,Senegal,SEN,2023,11900644
1027,Serbia,SRB,2000,44950190
1028,Serbia,SRB,2005,51634110
1029,Serbia,SRB,2010,45696428
1030,Serbia,SRB,2015,43777364
1031,Serbia,SRB,2020,45169760
1032,Serbia,SRB,2023,42357788
1033,Seychelles,SYC,2000,315104
1034,Seychelles,SYC,2005,381056
1035,Seychelles,SYC,2010,443344
1036,Seychelles,SYC,2015,498304
1037,Seychelles,SYC,2020,597232
1038,Seychelles,SYC,2023,551015
1039,Sierra Leone,SLE,2000,271136
1040,Sierra Leone,SLE,2005,425024
1041,Sierra Leone,SLE,2010,542272
1042,Sierra Leone,SLE,2015,1084544
1043,Sierra Leone,SLE,2020,1025920.06
1044,Sierra Leone,SLE,2023,1231506
1045,Singapore,SGP,2000,37368720
1046,Singapore,SGP,2005,39600000
1047,Singapore,SGP,2010,44400000
1048,Singapore,SGP,2015,49400000
1049,Singapore,SGP,2020,46700000
1050,Singapore,SGP,2023,49252784
1051,Sint Maarten (Dutch part),SXM,2000,552525
1052,Sint Maarten (Dutch part),SXM,2005,564435
1053,Sint Maarten (Dutch part),SXM,2010,448949
1054,Sint Maarten (Dutch part),SXM,2015,743792
1055,Sint Maarten (Dutch part),SXM,2020,652192
1056,Sint Maarten (Dutch part),SXM,2023,693003
1057,Slovakia,SVK,2000,41191790
1058,Slovakia,SVK,2005,42925940
1059,Slovakia,SVK,2010,38462080
1060,Slovakia,SVK,2015,34528190
1061,Slovakia,SVK,2020,31154222
1062,Slovakia,SVK,2023,30739160
1063,Slovenia,SVN,2000,15053846
1064,Slovenia,SVN,2005,16935640
1065,Slovenia,SVN,2010,16459732
1066,Slovenia,SVN,2015,13645487
1067,Slovenia,SVN,2020,12854909
1068,Slovenia,SVN,2023,11328390
1069,Solomon Islands,SLB,2000,223504
1070,Solomon Islands,SLB,2005,282128
1071,Solomon Islands,SLB,2010,329760
1072,Solomon Islands,SLB,2015,293120
1073,Solomon Islands,SLB,2020,289456
1074,Solomon Islands,SLB,2023,302829
1075,Somalia,SOM,2000,476320
1076,Somalia,SOM,2005,564256
1077,Somalia,SOM,2010,611888
1078,Somalia,SOM,2015,630208
1079,Somalia,SOM,2020,597232
1080,Somalia,SOM,2023,557614
1081,South Africa,ZAF,2000,378306880
1082,South Africa,ZAF,2005,416201200
1083,South Africa,ZAF,2010,462999680
1084,South Africa,ZAF,2015,446349280
1085,South Africa,ZAF,2020,434066530
1086,South Africa,ZAF,2023,401893100
1087,South Korea,KOR,2000,439980670
1088,South Korea,KOR,2005,498688300
1089,South Korea,KOR,2010,594339140
1090,South Korea,KOR,2015,634177300
1091,South Korea,KOR,2020,597634300
1092,South Korea,KOR,2023,577416640
1093,South Sudan,SSD,2000,444622
1094,South Sudan,SSD,2005,881869
1095,South Sudan,SSD,2010,1269844
1096,South Sudan,SSD,2015,1912608
1097,South Sudan,SSD,2020,1692768
1098,South Sudan,SSD,2023,1580456
1099,Spain,ESP,2000,310071580
1100,Spain,ESP,2005,368338800
1101,Spain,ESP,2010,282938430
1102,Spain,ESP,2015,270740220
1103,Spain,ESP,2020,211842610
1104,Spain,ESP,2023,221615650
1105,Sri Lanka,LKA,2000,10134099
1106,Sri Lanka,LKA,2005,11935225
1107,Sri Lanka,LKA,2010,13050987
1108,Sri Lanka,LKA,2015,19687388
1109,Sri Lanka,LKA,2020,20624930
1110,Sri Lanka,LKA,2023,20317522
1111,Sudan,SDN,2000,5291520
1112,Sudan,SDN,2005,10558027
1113,Sudan,SDN,2010,15069764
1114,Sudan,SDN,2015,14246501
1115,Sudan,SDN,2020,21165178
1116,Sudan,SDN,2023,20001454
1117,Suriname,SUR,2000,2192347
1118,Suriname,SUR,2005,1588520
1119,Suriname,SUR,2010,2370056
1120,Suriname,SUR,2015,2713354
1121,Suriname,SUR,2020,2917967
1122,Suriname,SUR,2023,2647446
1123,Sweden,SWE,2000,54930044
1124,Sweden,SWE,2005,53875296
1125,Sweden,SWE,2010,53119860
1126,Sweden,SWE,2015,43418144
1127,Sweden,SWE,2020,36702516
1128,Sweden,SWE,2023,36556280
1129,Switzerland,CHE,2000,43620736
1130,Switzerland,CHE,2005,45776740
1131,Switzerland,CHE,2010,45034104
1132,Switzerland,CHE,2015,38718970
1133,Switzerland,CHE,2020,34228228
1134,Switzerland,CHE,2023,32737300
1135,Syria,SYR,2000,54171076
1136,Syria,SYR,2005,50751040
1137,Syria,SYR,2010,61721950
1138,Syria,SYR,2015,28603202
1139,Syria,SYR,2020,26312742
1140,Syria,SYR,2023,25503272
1141,Taiwan,TWN,2000,226934000
1142,Taiwan,TWN,2005,266888000
1143,Taiwan,TWN,2010,270715000
1144,Taiwan,TWN,2015,276263000
1145,Taiwan,TWN,2020,272202200
1146,Taiwan,TWN,2023,261152590
1147,Tajikistan,TJK,2000,2233862
1148,Tajikistan,TJK,2005,2439487
1149,Tajikistan,TJK,2010,2536415
1150,Tajikistan,TJK,2015,5302282
1151,Tajikistan,TJK,2020,9404472
1152,Tajikistan,TJK,2023,9054525
1153,Tanzania,TZA,2000,2571821
1154,Tanzania,TZA,2005,5355817
1155,Tanzania,TZA,2010,7194109
1156,Tanzania,TZA,2015,12910543
1157,Tanzania,TZA,2020,16250422
1158,Tanzania,TZA,2023,18066046
1159,Thailand,THA,2000,167352160
1160,Thailand,THA,2005,214325150
1161,Thailand,THA,2010,241018980
1162,Thailand,THA,2015,277098720
1163,Thailand,THA,2020,271923300
1164,Thailand,THA,2023,264388640
1165,Togo,TGO,2000,1331372
1166,Togo,TGO,2005,1721591
1167,Togo,TGO,2010,2595698
1168,Togo,TGO,2015,1863341
1169,Togo,TGO,2020,2438790
1170,Togo,TGO,2023,2620035
1171,Tonga,TON,2000,95264
1172,Tonga,TON,2005,113584
1173,Tonga,TON,2010,117248
1174,Tonga,TON,2015,117248
1175,Tonga,TON,2020,183200
1176,Tonga,TON,2023,199331
1177,Trinidad and Tobago,TTO,2000,24366292
1178,Trinidad and Tobago,TTO,2005,38226790
1179,Trinidad and Tobago,TTO,2010,47111836
1180,Trinidad and Tobago,TTO,2015,45559680
1181,Trinidad and Tobago,TTO,2020,35066304
1182,Trinidad and Tobago,TTO,2023,34317936
1183,Tunisia,TUN,2000,19551510
1184,Tunisia,TUN,2005,22545864
1185,Tunisia,TUN,2010,28137812
1186,Tunisia,TUN,2015,31418044
1187,Tunisia,TUN,2020,28490226
1188,Tunisia,TUN,2023,32792874
1189,Turkey,TUR,2000,229936660
1190,Turkey,TUR,2005,264870640
1191,Turkey,TUR,2010,316193060
1192,Turkey,TUR,2015,384929660
1193,Turkey,TUR,2020,412926880
1194,Turkey,TUR,2023,432077340
1195,Turkmenistan,TKM,2000,39361496
1196,Turkmenistan,TKM,2005,47928664
1197,Turkmenistan,TKM,2010,59184068
1198,Turkmenistan,TKM,2015,64322776
1199,Turkmenistan,TKM,2020,64260420
1200,Turkmenistan,TKM,2023,63362624
1201,Turks and Caicos Islands,TCA,2000,109920
1202,Turks and Caicos Islands,TCA,2005,190528
1203,Turks and Caicos Islands,TCA,2010,282128
1204,Turks and Caicos Islands,TCA,2015,311440
1205,Turks and Caicos Islands,TCA,2020,359072
1206,Turks and Caicos Islands,TCA,2023,370590
1207,Tuvalu,TUV,2000,7328
1208,Tuvalu,TUV,2005,10992
1209,Tuvalu,TUV,2010,10992
1210,Tuvalu,TUV,2015,10992
1211,Tuvalu,TUV,2020,10992
1212,Tuvalu,TUV,2023,11500
1213,Uganda,UGA,2000,1360870
1214,Uganda,UGA,2005,2017941
1215,Uganda,UGA,2010,3569619
1216,Uganda,UGA,2015,4525570
1217,Uganda,UGA,2020,5571384
1218,Uganda,UGA,2023,5613657
1219,Ukraine,UKR,2000,285674200
1220,Ukraine,UKR,2005,313530560
1221,Ukraine,UKR,2010,294365800
1222,Ukraine,UKR,2015,223787570
1223,Ukraine,UKR,2020,206823860
1224,Ukraine,UKR,2023,136460590
1225,United Arab Emirates,ARE,2000,111813100
1226,United Arab Emirates,ARE,2005,114399416
1227,United Arab Emirates,ARE,2010,184842300
1228,United Arab Emirates,ARE,2015,225683630
1229,United Arab Emirates,ARE,2020,217379580
1230,United Arab Emirates,ARE,2023,229383650
1231,United Kingdom,GBR,2000,569033660
1232,United Kingdom,GBR,2005,570338370
1233,United Kingdom,GBR,2010,511904580
1234,United Kingdom,GBR,2015,422460800
1235,United Kingdom,GBR,2020,326263200
1236,United Kingdom,GBR,2023,305146340
1237,United States,USA,2000,6010135600
1238,United States,USA,2005,6132183000
1239,United States,USA,2010,5679715300
1240,United States,USA,2015,5376473000
1241,United States,USA,2020,4714628000
1242,United States,USA,2023,4911391000
1243,Uruguay,URY,2000,5268017
1244,Uruguay,URY,2005,5726669
1245,Uruguay,URY,2010,6297960
1246,Uruguay,URY,2015,6738362
1247,Uruguay,URY,2020,6473680
1248,Uruguay,URY,2023,7865945
1249,Uzbekistan,UZB,2000,123477320
1250,Uzbekistan,UZB,2005,121599860
1251,Uzbekistan,UZB,2010,107665944
1252,Uzbekistan,UZB,2015,103695920
1253,Uzbekistan,UZB,2020,109631970
1254,Uzbekistan,UZB,2023,124768440
1255,Vanuatu,VUT,2000,84272
1256,Vanuatu,VUT,2005,76944
1257,Vanuatu,VUT,2010,120912
1258,Vanuatu,VUT,2015,135568
1259,Vanuatu,VUT,2020,201520
1260,Vanuatu,VUT,2023,226164
1261,Venezuela,VEN,2000,142834900
1262,Venezuela,VEN,2005,148310640
1263,Venezuela,VEN,2010,189316720
1264,Venezuela,VEN,2015,166300110
1265,Venezuela,VEN,2020,80927096
1266,Venezuela,VEN,2023,99568900
1267,Vietnam,VNM,2000,53935468
1268,Vietnam,VNM,2005,95845720
1269,Vietnam,VNM,2010,139563840
1270,Vietnam,VNM,2015,213310700
1271,Vietnam,VNM,2020,362459620
1272,Vietnam,VNM,2023,334726080
1273,Wallis and Futuna,WLF,2000,25648
1274,Wallis and Futuna,WLF,2005,29312
1275,Wallis and Futuna,WLF,2010,29312
1276,Wallis and Futuna,WLF,2015,21984
1277,Wallis and Futuna,WLF,2020,25648
1278,Wallis and Futuna,WLF,2023,30666
1279,World,OWID_WRL,2000,25510554000
1280,World,OWID_WRL,2005,29614395000
1281,World,OWID_WRL,2010,33355903000
1282,World,OWID_WRL,2015,35404900000
1283,World,OWID_WRL,2020,35126526000
1284,World,OWID_WRL,2023,37791570000
1285,Yemen,YEM,2000,15725321
1286,Yemen,YEM,2005,21661558
1287,Yemen,YEM,2010,25713402
1288,Yemen,YEM,2015,14080447
1289,Yemen,YEM,2020,10883986
1290,Yemen,YEM,2023,10034892
1291,Zambia,ZMB,2000,1784113
1292,Zambia,ZMB,2005,2242543
1293,Zambia,ZMB,2010,3120300
1294,Zambia,ZMB,2015,5064975
1295,Zambia,ZMB,2020,8144346
1296,Zambia,ZMB,2023,7748922
1297,Zimbabwe,ZWE,2000,13814538
1298,Zimbabwe,ZWE,2005,10698489
1299,Zimbabwe,ZWE,2010,8754012
1300,Zimbabwe,ZWE,2015,12016794
1301,Zimbabwe,ZWE,2020,8494503
1302,Zimbabwe,ZWE,2023,11164030
